"Country","Date_reported","Country_code","WHO_region","New_cases","Cumulative_cases","New_deaths","Cumulative_deaths","Population","New_cases_pc","Cumulative_cases_pc","New_deaths_pc","Cumulative_deaths_pc"
"Argentina","1/28/2020","AR","AMRO",0,0,0,0,44.494502,0,0,0,0
"Argentina","1/28/2021","AR","AMRO",10409,1885210,219,47253,44.494502,0.000233939,0.042369504,4.92196e-06,0.001061996
"Argentina","9/28/2020","AR","AMRO",11249,702484,335,15543,44.494502,0.000252818,0.015788108,7.52902e-06,0.000349324
"Argentina","2/28/2020","AR","AMRO",0,0,0,0,44.494502,0,0,0,0
"Argentina","5/28/2020","AR","AMRO",600,13228,21,492,44.494502,1.34848e-05,0.000297295,4.71968e-07,1.10575e-05
"Argentina","8/28/2020","AR","AMRO",10550,370188,283,7944,44.494502,0.000237108,0.008319859,6.36034e-06,0.000178539
"Argentina","4/28/2020","AR","AMRO",54,3892,13,192,44.494502,1.21363e-06,8.74715e-05,2.92171e-07,4.31514e-06
"Argentina","12/28/2020","AR","AMRO",3713,1578267,79,42501,44.494502,8.34485e-05,0.035471057,1.7755e-06,0.000955197
"Argentina","7/28/2020","AR","AMRO",4205,162526,43,2956,44.494502,9.45061e-05,0.003652721,9.66412e-07,6.64352e-05
"Argentina","3/28/2020","AR","AMRO",87,589,4,12,44.494502,1.9553e-06,1.32376e-05,8.98987e-08,2.69696e-07
"Argentina","10/28/2020","AR","AMRO",11712,1102301,405,29301,44.494502,0.000263224,0.02477387,9.10225e-06,0.000658531
"Argentina","6/28/2020","AR","AMRO",2886,55343,25,1192,44.494502,6.48619e-05,0.001243817,5.61867e-07,2.67898e-05
"Argentina","11/28/2020","AR","AMRO",9043,1399431,227,37941,44.494502,0.000203239,0.031451774,5.10175e-06,0.000852712
"Australia","4/28/2020","AU","WPRO",12,6725,1,84,24.99286,4.80137e-07,0.000269077,4.00114e-08,3.36096e-06
"Australia","8/28/2020","AU","WPRO",117,25322,23,572,24.99286,4.68134e-06,0.001013169,9.20263e-07,2.28865e-05
"Australia","1/28/2020","AU","WPRO",0,9,0,0,24.99286,0,3.60103e-07,0,0
"Australia","7/28/2020","AU","WPRO",532,14935,6,161,24.99286,2.12861e-05,0.000597571,2.40069e-07,6.44184e-06
"Australia","11/28/2020","AU","WPRO",7,27874,0,907,24.99286,2.8008e-07,0.001115279,0,3.62904e-05
"Australia","12/28/2020","AU","WPRO",16,28312,0,908,24.99286,6.40183e-07,0.001132804,0,3.63304e-05
"Australia","10/28/2020","AU","WPRO",14,27541,0,905,24.99286,5.6016e-07,0.001101955,0,3.62103e-05
"Australia","5/28/2020","AU","WPRO",6,7139,1,103,24.99286,2.40069e-07,0.000285642,4.00114e-08,4.12118e-06
"Australia","3/28/2020","AU","WPRO",650,3635,1,14,24.99286,2.60074e-05,0.000145442,4.00114e-08,5.6016e-07
"Australia","6/28/2020","AU","WPRO",46,7641,0,104,24.99286,1.84053e-06,0.000305727,0,4.16119e-06
"Australia","9/28/2020","AU","WPRO",24,27040,2,872,24.99286,9.60274e-07,0.001081909,8.00229e-08,3.489e-05
"Australia","2/28/2020","AU","WPRO",0,27,0,0,24.99286,0,1.08031e-06,0,0
"Australia","1/28/2021","AU","WPRO",6,28786,0,909,24.99286,2.40069e-07,0.001151769,0,3.63704e-05
"Austria","2/28/2020","AT","EURO",3,5,0,0,8.837707,3.39455e-07,5.65758e-07,0,0
"Austria","6/28/2020","AT","EURO",64,17562,2,700,8.837707,7.2417e-06,0.001987167,2.26303e-07,7.92061e-05
"Austria","5/28/2020","AT","EURO",18,16515,2,645,8.837707,2.03673e-06,0.001868697,2.26303e-07,7.29827e-05
"Austria","1/28/2021","AT","EURO",1606,405529,53,7515,8.837707,0.000181721,0.045886224,5.99703e-06,0.000850334
"Austria","3/28/2020","AT","EURO",668,7697,16,68,8.837707,7.55852e-05,0.000870927,1.81042e-06,7.6943e-06
"Austria","1/28/2020","AT","EURO",0,0,0,0,8.837707,0,0,0,0
"Austria","9/28/2020","AT","EURO",526,43466,0,787,8.837707,5.95177e-05,0.004918244,0,8.90502e-05
"Austria","10/28/2020","AT","EURO",2698,87746,18,1006,8.837707,0.000305283,0.009928593,2.03673e-06,0.00011383
"Austria","7/28/2020","AT","EURO",64,20550,1,713,8.837707,7.2417e-06,0.002325264,1.13152e-07,8.0677e-05
"Austria","4/28/2020","AT","EURO",67,15256,7,549,8.837707,7.58115e-06,0.00172624,7.92061e-07,6.21202e-05
"Austria","11/28/2020","AT","EURO",4818,269510,148,2764,8.837707,0.000545164,0.030495467,1.67464e-05,0.000312751
"Austria","12/28/2020","AT","EURO",1376,349735,42,5794,8.837707,0.000155696,0.039573048,4.75236e-06,0.0006556
"Austria","8/28/2020","AT","EURO",227,26381,0,733,8.837707,2.56854e-05,0.00298505,0,8.29401e-05
"Belgium","5/28/2020","BE","EURO",182,58612,24,9274,11.40374,1.59597e-05,0.005139717,2.10457e-06,0.000813242
"Belgium","2/28/2020","BE","EURO",0,1,0,0,11.40374,0,8.76905e-08,0,0
"Belgium","1/28/2020","BE","EURO",0,0,0,0,11.40374,0,0,0,0
"Belgium","9/28/2020","BE","EURO",540,116685,12,9982,11.40374,4.73529e-05,0.010232169,1.05229e-06,0.000875327
"Belgium","1/28/2021","BE","EURO",2598,704668,41,20982,11.40374,0.00022782,0.06179271,3.59531e-06,0.001839923
"Belgium","12/28/2020","BE","EURO",558,640337,61,19288,11.40374,4.89313e-05,0.056151491,5.34912e-06,0.001691375
"Belgium","6/28/2020","BE","EURO",41,61827,8,9608,11.40374,3.59531e-06,0.005421642,7.01524e-07,0.000842531
"Belgium","4/28/2020","BE","EURO",755,48942,134,7557,11.40374,6.62063e-05,0.00429175,1.17505e-05,0.000662677
"Belgium","3/28/2020","BE","EURO",1518,12125,128,708,11.40374,0.000133114,0.001063248,1.12244e-05,6.20849e-05
"Belgium","10/28/2020","BE","EURO",22213,394014,130,11194,11.40374,0.00194787,0.034551296,1.13998e-05,0.000981608
"Belgium","8/28/2020","BE","EURO",535,84564,3,9869,11.40374,4.69144e-05,0.007415462,2.63072e-07,0.000865418
"Belgium","7/28/2020","BE","EURO",595,67661,4,9689,11.40374,5.21759e-05,0.005933229,3.50762e-07,0.000849634
"Belgium","11/28/2020","BE","EURO",2741,576432,125,16502,11.40374,0.00024036,0.050547627,1.09613e-05,0.001447069
"Brazil","1/28/2020","BR","AMRO",0,0,0,0,208.4949,0,0,0,0
"Brazil","5/28/2020","BR","AMRO",16324,391222,1039,24512,208.4949,7.82945e-05,0.00187641,4.98334e-06,0.000117566
"Brazil","1/28/2021","BR","AMRO",61963,8933356,1214,218878,208.4949,0.000297192,0.04284688,5.82268e-06,0.0010498
"Brazil","12/28/2020","BR","AMRO",17246,7465806,307,190795,208.4949,8.27167e-05,0.035808099,1.47246e-06,0.000915106
"Brazil","8/28/2020","BR","AMRO",47161,3717156,1085,117665,208.4949,0.000226197,0.017828522,5.20396e-06,0.000564354
"Brazil","2/28/2020","BR","AMRO",0,5,0,0,208.4949,0,2.39814e-08,0,0
"Brazil","10/28/2020","BR","AMRO",15726,5409854,263,157397,208.4949,7.54263e-05,0.025947177,1.26142e-06,0.00075492
"Brazil","6/28/2020","BR","AMRO",46860,1274974,990,55961,208.4949,0.000224754,0.006115133,4.74832e-06,0.000268405
"Brazil","9/28/2020","BR","AMRO",28378,4717991,869,141406,208.4949,0.000136109,0.022628808,4.16797e-06,0.000678223
"Brazil","3/28/2020","BR","AMRO",482,2915,20,77,208.4949,2.31181e-06,1.39812e-05,9.59256e-08,3.69314e-07
"Brazil","11/28/2020","BR","AMRO",37614,6204220,691,171460,208.4949,0.000180407,0.029757179,3.31423e-06,0.00082237
"Brazil","7/28/2020","BR","AMRO",24578,2419091,555,87004,208.4949,0.000117883,0.011602639,2.66194e-06,0.000417296
"Brazil","4/28/2020","BR","AMRO",3379,61888,189,4205,208.4949,1.62066e-05,0.000296832,9.06497e-07,2.01684e-05
"Bulgaria","8/28/2020","BG","EURO",157,15908,8,594,7.025037,2.23486e-05,0.002264472,1.13878e-06,8.45547e-05
"Bulgaria","12/28/2020","BG","EURO",332,197716,41,7164,7.025037,4.72595e-05,0.028144478,5.83627e-06,0.001019781
"Bulgaria","4/28/2020","BG","EURO",63,1363,2,58,7.025037,8.96792e-06,0.00019402,2.84696e-07,8.25618e-06
"Bulgaria","5/28/2020","BG","EURO",0,2460,0,133,7.025037,0,0.000350176,0,1.89323e-05
"Bulgaria","2/28/2020","BG","EURO",0,0,0,0,7.025037,0,0,0,0
"Bulgaria","9/28/2020","BG","EURO",58,20055,7,796,7.025037,8.25618e-06,0.002854789,9.96436e-07,0.000113309
"Bulgaria","3/28/2020","BG","EURO",29,293,0,3,7.025037,4.12809e-06,4.1708e-05,0,4.27044e-07
"Bulgaria","1/28/2021","BG","EURO",598,217014,28,8944,7.025037,8.51241e-05,0.03089151,3.98574e-06,0.001273161
"Bulgaria","7/28/2020","BG","EURO",194,10621,7,347,7.025037,2.76155e-05,0.001511878,9.96436e-07,4.93948e-05
"Bulgaria","6/28/2020","BG","EURO",112,4625,1,216,7.025037,1.5943e-05,0.00065836,1.42348e-07,3.07472e-05
"Bulgaria","1/28/2020","BG","EURO",0,0,0,0,7.025037,0,0,0,0
"Bulgaria","11/28/2020","BG","EURO",3327,139955,151,3680,7.025037,0.000473592,0.019922315,2.14945e-05,0.000523841
"Bulgaria","10/28/2020","BG","EURO",2569,42701,25,1161,7.025037,0.000365692,0.006078402,3.5587e-06,0.000165266
"Canada","1/28/2020","CA","AMRO",1,7,0,0,37.058856,2.69841e-08,1.88889e-07,0,0
"Canada","9/28/2020","CA","AMRO",1215,151671,7,9262,37.058856,3.27857e-05,0.004092706,1.88889e-07,0.000249927
"Canada","1/28/2021","CA","AMRO",4011,757022,165,19403,37.058856,0.000108233,0.02042756,4.45238e-06,0.000523573
"Canada","6/28/2020","CA","AMRO",172,102794,4,8508,37.058856,4.64127e-06,0.002773804,1.07936e-07,0.000229581
"Canada","5/28/2020","CA","AMRO",941,86939,105,6671,37.058856,2.5392e-05,0.002345971,2.83333e-06,0.000180011
"Canada","2/28/2020","CA","AMRO",3,18,0,0,37.058856,8.09523e-08,4.85714e-07,0,0
"Canada","7/28/2020","CA","AMRO",355,113911,5,8890,37.058856,9.57936e-06,0.003073786,1.34921e-07,0.000239889
"Canada","8/28/2020","CA","AMRO",448,126417,4,9094,37.058856,1.20889e-05,0.003411249,1.07936e-07,0.000245393
"Canada","10/28/2020","CA","AMRO",4109,220213,27,9973,37.058856,0.000110878,0.00594225,7.28571e-07,0.000269112
"Canada","12/28/2020","CA","AMRO",9827,546500,179,14899,37.058856,0.000265173,0.014746812,4.83015e-06,0.000402036
"Canada","11/28/2020","CA","AMRO",5631,353097,89,11799,37.058856,0.000151947,0.009528006,2.40159e-06,0.000318385
"Canada","3/28/2020","CA","AMRO",463,4018,4,39,37.058856,1.24936e-05,0.000108422,1.07936e-07,1.05238e-06
"Canada","4/28/2020","CA","AMRO",1538,47316,128,2617,37.058856,4.15016e-05,0.00127678,3.45397e-06,7.06174e-05
"Chile","10/28/2020","CL","AMRO",927,504525,23,14026,18.751405,4.94363e-05,0.026905984,1.22657e-06,0.000747997
"Chile","8/28/2020","CL","AMRO",1737,404102,82,11072,18.751405,9.26331e-05,0.021550492,4.37301e-06,0.000590462
"Chile","2/28/2020","CL","AMRO",0,0,0,0,18.751405,0,0,0,0
"Chile","11/28/2020","CL","AMRO",1561,547223,43,15278,18.751405,8.32471e-05,0.02918304,2.29316e-06,0.000814766
"Chile","3/28/2020","CL","AMRO",304,1610,1,5,18.751405,1.62121e-05,8.58602e-05,5.33293e-08,2.66647e-07
"Chile","6/28/2020","CL","AMRO",4406,267766,279,5347,18.751405,0.000234969,0.014279783,1.48789e-05,0.000285152
"Chile","7/28/2020","CL","AMRO",2133,347923,75,9187,18.751405,0.000113751,0.018554503,3.9997e-06,0.000489937
"Chile","1/28/2020","CL","AMRO",0,0,0,0,18.751405,0,0,0,0
"Chile","1/28/2021","CL","AMRO",3388,709888,17,18040,18.751405,0.00018068,0.037857857,9.06599e-07,0.000962061
"Chile","9/28/2020","CL","AMRO",1922,457901,50,12641,18.751405,0.000102499,0.024419557,2.66647e-06,0.000674136
"Chile","5/28/2020","CL","AMRO",4328,82289,35,841,18.751405,0.000230809,0.004388418,1.86653e-06,4.485e-05
"Chile","12/28/2020","CL","AMRO",1711,600105,39,16443,18.751405,9.12465e-05,0.032003202,2.07984e-06,0.000876894
"Chile","4/28/2020","CL","AMRO",482,13813,9,198,18.751405,2.57047e-05,0.000736638,4.79964e-07,1.05592e-05
"China","12/28/2020","CN","WPRO",93,96417,1,4778,1415.045928,6.57222e-08,6.8137e-05,7.06691e-10,3.37657e-06
"China","8/28/2020","CN","WPRO",30,90301,2,4722,1415.045928,2.12007e-08,6.38149e-05,1.41338e-09,3.33699e-06
"China","4/28/2020","CN","WPRO",6,84347,0,4643,1415.045928,4.24015e-09,5.96073e-05,0,3.28117e-06
"China","9/28/2020","CN","WPRO",27,90993,0,4746,1415.045928,1.90807e-08,6.43039e-05,0,3.35395e-06
"China","7/28/2020","CN","WPRO",217,87245,4,4663,1415.045928,1.53352e-07,6.16552e-05,2.82676e-09,3.2953e-06
"China","11/28/2020","CN","WPRO",112,93225,0,4749,1415.045928,7.91494e-08,6.58813e-05,0,3.35607e-06
"China","1/28/2020","CN","WPRO",1772,4537,26,106,1415.045928,1.25226e-06,3.20626e-06,1.8374e-08,7.49092e-08
"China","3/28/2020","CN","WPRO",120,82213,3,3301,1415.045928,8.48029e-08,5.80992e-05,2.12007e-09,2.33279e-06
"China","2/28/2020","CN","WPRO",329,78963,44,2791,1415.045928,2.32501e-07,5.58024e-05,3.10944e-08,1.97237e-06
"China","1/28/2021","CN","WPRO",117,100548,2,4818,1415.045928,8.26828e-08,7.10564e-05,1.41338e-09,3.40484e-06
"China","6/28/2020","CN","WPRO",18,85190,0,4648,1415.045928,1.27204e-08,6.0203e-05,0,3.2847e-06
"China","5/28/2020","CN","WPRO",3,84547,0,4645,1415.045928,2.12007e-09,5.97486e-05,0,3.28258e-06
"China","10/28/2020","CN","WPRO",47,91772,0,4746,1415.045928,3.32145e-08,6.48544e-05,0,3.35395e-06
"Colombia","10/28/2020","CO","AMRO",9167,1025052,194,30348,49.83424,0.00018395,0.020569231,3.89291e-06,0.000608979
"Colombia","6/28/2020","CO","AMRO",3843,84442,157,2811,49.83424,7.71157e-05,0.001694457,3.15044e-06,5.6407e-05
"Colombia","7/28/2020","CO","AMRO",8181,248976,256,8525,49.83424,0.000164164,0.004996083,5.13703e-06,0.000171067
"Colombia","2/28/2020","CO","AMRO",0,0,0,0,49.83424,0,0,0,0
"Colombia","9/28/2020","CO","AMRO",7721,806038,193,25296,49.83424,0.000154934,0.016174381,3.87284e-06,0.000507603
"Colombia","5/28/2020","CO","AMRO",1022,23003,26,776,49.83424,2.0508e-05,0.00046159,5.2173e-07,1.55716e-05
"Colombia","1/28/2020","CO","AMRO",0,0,0,0,49.83424,0,0,0,0
"Colombia","3/28/2020","CO","AMRO",21,491,2,6,49.83424,4.21397e-07,9.85266e-06,4.0133e-08,1.20399e-07
"Colombia","11/28/2020","CO","AMRO",9496,1280487,159,36019,49.83424,0.000190552,0.025694924,3.19058e-06,0.000722776
"Colombia","8/28/2020","CO","AMRO",10142,572270,295,18184,49.83424,0.000203515,0.01148347,5.91962e-06,0.00036489
"Colombia","12/28/2020","CO","AMRO",10196,1584903,253,41943,49.83424,0.000204598,0.031803495,5.07683e-06,0.00084165
"Colombia","1/28/2021","CO","AMRO",13606,2041352,381,52128,49.83424,0.000273025,0.04096284,7.64535e-06,0.001046028
"Colombia","4/28/2020","CO","AMRO",237,5379,11,244,49.83424,4.75577e-06,0.000107938,2.20732e-07,4.89623e-06
"Costa Rica","12/28/2020","CR","AMRO",545,164607,14,2117,5.003402,0.000108926,0.032899016,2.7981e-06,0.000423112
"Costa Rica","3/28/2020","CR","AMRO",30,231,0,2,5.003402,5.99592e-06,4.61686e-05,0,3.99728e-07
"Costa Rica","11/28/2020","CR","AMRO",1222,135742,5,1679,5.003402,0.000244234,0.027129941,9.9932e-07,0.000335572
"Costa Rica","2/28/2020","CR","AMRO",0,0,0,0,5.003402,0,0,0,0
"Costa Rica","7/28/2020","CR","AMRO",629,15229,6,104,5.003402,0.000125714,0.003043729,1.19918e-06,2.07859e-05
"Costa Rica","10/28/2020","CR","AMRO",511,104460,14,1312,5.003402,0.000102131,0.020877795,2.7981e-06,0.000262222
"Costa Rica","4/28/2020","CR","AMRO",2,695,0,6,5.003402,3.99728e-07,0.000138905,0,1.19918e-06
"Costa Rica","6/28/2020","CR","AMRO",152,2836,0,12,5.003402,3.03793e-05,0.000566814,0,2.39837e-06
"Costa Rica","9/28/2020","CR","AMRO",1233,72049,16,828,5.003402,0.000246432,0.014400002,3.19782e-06,0.000165487
"Costa Rica","8/28/2020","CR","AMRO",1002,36307,10,386,5.003402,0.000200264,0.007256463,1.99864e-06,7.71475e-05
"Costa Rica","1/28/2021","CR","AMRO",600,191345,9,2567,5.003402,0.000119918,0.038242979,1.79878e-06,0.000513051
"Costa Rica","1/28/2020","CR","AMRO",0,0,0,0,5.003402,0,0,0,0
"Costa Rica","5/28/2020","CR","AMRO",5,956,0,10,5.003402,9.9932e-07,0.00019107,0,1.99864e-06
"Croatia","3/28/2020","HR","EURO",91,586,1,3,4.080666,2.23003e-05,0.000143604,2.45058e-07,7.35174e-07
"Croatia","8/28/2020","HR","EURO",304,9192,2,177,4.080666,7.44976e-05,0.002252573,4.90116e-07,4.33753e-05
"Croatia","9/28/2020","HR","EURO",190,16197,3,272,4.080666,4.6561e-05,0.003969205,7.35174e-07,6.66558e-05
"Croatia","11/28/2020","HR","EURO",4080,119706,48,1600,4.080666,0.000999837,0.029334917,1.17628e-05,0.000392093
"Croatia","6/28/2020","HR","EURO",85,2624,0,107,4.080666,2.08299e-05,0.000643032,0,2.62212e-05
"Croatia","7/28/2020","HR","EURO",24,4881,3,139,4.080666,5.88139e-06,0.001196128,7.35174e-07,3.40631e-05
"Croatia","12/28/2020","HR","EURO",316,205246,68,3739,4.080666,7.74383e-05,0.050297182,1.66639e-05,0.000916272
"Croatia","10/28/2020","HR","EURO",1413,38621,18,470,4.080666,0.000346267,0.009464386,4.41104e-06,0.000115177
"Croatia","2/28/2020","HR","EURO",1,3,0,0,4.080666,2.45058e-07,7.35174e-07,0,0
"Croatia","1/28/2021","HR","EURO",619,230978,30,4943,4.080666,0.000151691,0.056603015,7.35174e-06,0.001211322
"Croatia","5/28/2020","HR","EURO",0,2244,0,101,4.080666,0,0.00054991,0,2.47509e-05
"Croatia","4/28/2020","HR","EURO",9,2039,4,59,4.080666,2.20552e-06,0.000499673,9.80232e-07,1.44584e-05
"Croatia","1/28/2020","HR","EURO",0,0,0,0,4.080666,0,0,0,0
"Cyprus","2/28/2020","CY","EURO",0,0,0,0,0.869006,0,0,0,0
"Cyprus","1/28/2021","CY","EURO",128,30380,3,193,0.869006,0.000147295,0.034959482,3.45222e-06,0.000222093
"Cyprus","5/28/2020","CY","EURO",0,939,0,17,0.869006,0,0.001080545,0,1.95626e-05
"Cyprus","6/28/2020","CY","EURO",2,994,0,19,0.869006,2.30148e-06,0.001143836,0,2.18641e-05
"Cyprus","10/28/2020","CY","EURO",181,3817,0,25,0.869006,0.000208284,0.004392375,0,2.87685e-05
"Cyprus","3/28/2020","CY","EURO",16,162,2,5,0.869006,1.84118e-05,0.00018642,2.30148e-06,5.7537e-06
"Cyprus","1/28/2020","CY","EURO",0,0,0,0,0.869006,0,0,0,0
"Cyprus","7/28/2020","CY","EURO",3,1060,0,19,0.869006,3.45222e-06,0.001219784,0,2.18641e-05
"Cyprus","11/28/2020","CY","EURO",310,9983,0,48,0.869006,0.000356729,0.011487838,0,5.52355e-05
"Cyprus","4/28/2020","CY","EURO",5,822,1,15,0.869006,5.7537e-06,0.000945908,1.15074e-06,1.72611e-05
"Cyprus","9/28/2020","CY","EURO",12,1696,0,22,0.869006,1.38089e-05,0.001951655,0,2.53163e-05
"Cyprus","12/28/2020","CY","EURO",266,19657,1,112,0.869006,0.000306097,0.022620097,1.15074e-06,0.000128883
"Cyprus","8/28/2020","CY","EURO",0,1481,0,21,0.869006,0,0.001704246,0,2.41655e-05
"Czechia","12/28/2020","CZ","EURO",3741,674340,108,11152,10.62643,0.000352047,0.063458753,1.01633e-05,0.001049459
"Czechia","8/28/2020","CZ","EURO",349,23300,0,418,10.62643,3.28426e-05,0.002192646,0,3.93359e-05
"Czechia","1/28/2020","CZ","EURO",0,0,0,0,10.62643,0,0,0,0
"Czechia","3/28/2020","CZ","EURO",217,2279,0,9,10.62643,2.04208e-05,0.000214465,0,8.46945e-07
"Czechia","4/28/2020","CZ","EURO",45,7449,2,223,10.62643,4.23472e-06,0.000700988,1.8821e-07,2.09854e-05
"Czechia","11/28/2020","CZ","EURO",4464,515984,188,7967,10.62643,0.000420085,0.048556665,1.76917e-05,0.000749734
"Czechia","2/28/2020","CZ","EURO",0,0,0,0,10.62643,0,0,0,0
"Czechia","1/28/2021","CZ","EURO",8505,964660,153,15944,10.62643,0.000800363,0.090779312,1.43981e-05,0.00150041
"Czechia","7/28/2020","CZ","EURO",192,15516,2,373,10.62643,1.80682e-05,0.001460133,1.8821e-07,3.51012e-05
"Czechia","10/28/2020","CZ","EURO",15663,284033,182,2547,10.62643,0.001473966,0.02672892,1.71271e-05,0.000239685
"Czechia","5/28/2020","CZ","EURO",36,9086,0,317,10.62643,3.38778e-06,0.000855038,0,2.98313e-05
"Czechia","6/28/2020","CZ","EURO",260,11298,2,347,10.62643,2.44673e-05,0.001063198,1.8821e-07,3.26544e-05
"Czechia","9/28/2020","CZ","EURO",1303,64597,15,606,10.62643,0.000122619,0.006078899,1.41157e-06,5.70276e-05
"Denmark","7/28/2020","DK","EURO",109,13547,0,613,5.789957,1.88257e-05,0.002339741,0,0.000105873
"Denmark","8/28/2020","DK","EURO",90,16627,1,624,5.789957,1.55442e-05,0.002871697,1.72713e-07,0.000107773
"Denmark","3/28/2020","DK","EURO",169,2046,11,52,5.789957,2.91885e-05,0.00035337,1.89984e-06,8.98107e-06
"Denmark","6/28/2020","DK","EURO",0,12675,0,604,5.789957,0,0.002189135,0,0.000104319
"Denmark","10/28/2020","DK","EURO",745,42157,1,709,5.789957,0.000128671,0.007281056,1.72713e-07,0.000122453
"Denmark","11/28/2020","DK","EURO",1323,76718,5,816,5.789957,0.000228499,0.013250185,8.63564e-07,0.000140934
"Denmark","4/28/2020","DK","EURO",123,8698,5,427,5.789957,2.12437e-05,0.001502256,8.63564e-07,7.37484e-05
"Denmark","2/28/2020","DK","EURO",0,1,0,0,5.789957,0,1.72713e-07,0,0
"Denmark","1/28/2020","DK","EURO",0,0,0,0,5.789957,0,0,0,0
"Denmark","12/28/2020","DK","EURO",2180,153347,21,1174,5.789957,0.000376514,0.026484998,3.62697e-06,0.000202765
"Denmark","5/28/2020","DK","EURO",52,11480,2,565,5.789957,8.98107e-06,0.001982744,3.45426e-07,9.75828e-05
"Denmark","9/28/2020","DK","EURO",424,26637,1,649,5.789957,7.32303e-05,0.004600552,1.72713e-07,0.000112091
"Denmark","1/28/2021","DK","EURO",592,196540,20,2050,5.789957,0.000102246,0.033944984,3.45426e-06,0.000354061
"Estonia","3/28/2020","EE","EURO",37,575,0,1,1.321977,2.79884e-05,0.000434955,0,7.56443e-07
"Estonia","7/28/2020","EE","EURO",4,2038,0,63,1.321977,3.02577e-06,0.00154163,0,4.76559e-05
"Estonia","11/28/2020","EE","EURO",368,11323,5,104,1.321977,0.000278371,0.008565202,3.78221e-06,7.86701e-05
"Estonia","6/28/2020","EE","EURO",0,1986,0,63,1.321977,0,0.001502295,0,4.76559e-05
"Estonia","2/28/2020","EE","EURO",0,1,0,0,1.321977,0,7.56443e-07,0,0
"Estonia","12/28/2020","EE","EURO",416,25808,9,213,1.321977,0.00031468,0.019522276,6.80799e-06,0.000161122
"Estonia","4/28/2020","EE","EURO",4,1647,1,50,1.321977,3.02577e-06,0.001245861,7.56443e-07,3.78221e-05
"Estonia","8/28/2020","EE","EURO",14,2325,0,64,1.321977,1.05902e-05,0.00175873,0,4.84123e-05
"Estonia","10/28/2020","EE","EURO",37,4465,0,73,1.321977,2.79884e-05,0.003377517,0,5.52203e-05
"Estonia","5/28/2020","EE","EURO",6,1840,0,63,1.321977,4.53866e-06,0.001391855,0,4.76559e-05
"Estonia","9/28/2020","EE","EURO",35,3200,0,64,1.321977,2.64755e-05,0.002420617,0,4.84123e-05
"Estonia","1/28/2021","EE","EURO",690,42656,8,406,1.321977,0.000521946,0.032266825,6.05154e-06,0.000307116
"Estonia","1/28/2020","EE","EURO",0,0,0,0,1.321977,0,0,0,0
"Finland","8/28/2020","FI","EURO",17,8019,0,335,5.515525,3.08221e-06,0.001453896,0,6.07376e-05
"Finland","5/28/2020","FI","EURO",64,6692,1,313,5.515525,1.16036e-05,0.001213302,1.81306e-07,5.67489e-05
"Finland","4/28/2020","FI","EURO",119,4695,3,193,5.515525,2.15755e-05,0.000851234,5.43919e-07,3.49921e-05
"Finland","12/28/2020","FI","EURO",1053,35137,22,546,5.515525,0.000190916,0.006370563,3.98874e-06,9.89933e-05
"Finland","7/28/2020","FI","EURO",5,7398,0,329,5.515525,9.06532e-07,0.001341305,0,5.96498e-05
"Finland","11/28/2020","FI","EURO",618,23766,5,393,5.515525,0.000112047,0.004308928,9.06532e-07,7.12534e-05
"Finland","3/28/2020","FI","EURO",67,1025,3,7,5.515525,1.21475e-05,0.000185839,5.43919e-07,1.26914e-06
"Finland","10/28/2020","FI","EURO",193,15163,0,354,5.515525,3.49921e-05,0.002749149,0,6.41825e-05
"Finland","1/28/2020","FI","EURO",0,0,0,0,5.515525,0,0,0,0
"Finland","1/28/2021","FI","EURO",496,43616,5,660,5.515525,8.9928e-05,0.00790786,9.06532e-07,0.000119662
"Finland","6/28/2020","FI","EURO",0,7191,0,328,5.515525,0,0.001303774,0,5.94685e-05
"Finland","9/28/2020","FI","EURO",105,9682,0,343,5.515525,1.90372e-05,0.001755409,0,6.21881e-05
"Finland","2/28/2020","FI","EURO",0,2,0,0,5.515525,0,3.62613e-07,0,0
"France","2/28/2020","FR","EURO",21,38,0,2,66.941698,3.13706e-07,5.67658e-07,0,2.98767e-08
"France","6/28/2020","FR","EURO",0,156156,0,29700,66.941698,0,0.002332716,0,0.00044367
"France","10/28/2020","FR","EURO",33405,1167705,522,35244,66.941698,0.000499016,0.017443612,7.79783e-06,0.000526488
"France","7/28/2020","FR","EURO",2254,171476,15,30093,66.941698,3.36711e-05,0.002561572,2.24076e-07,0.00044954
"France","5/28/2020","FR","EURO",148,142852,66,28543,66.941698,2.21088e-06,0.002133976,9.85933e-07,0.000426386
"France","11/28/2020","FR","EURO",12415,2157332,956,51554,66.941698,0.00018546,0.032227028,1.42811e-05,0.000770133
"France","1/28/2021","FR","EURO",26483,3056198,349,74062,66.941698,0.000395613,0.045654623,5.21349e-06,0.001106366
"France","3/28/2020","FR","EURO",3748,32534,297,1992,66.941698,5.5989e-05,0.000486005,4.4367e-06,2.97572e-05
"France","1/28/2020","FR","EURO",0,3,0,0,66.941698,0,4.48151e-08,0,0
"France","9/28/2020","FR","EURO",11123,514785,27,31541,66.941698,0.00016616,0.00769005,4.03336e-07,0.000471171
"France","4/28/2020","FR","EURO",1160,124440,437,23261,66.941698,1.73285e-05,0.001858931,6.52807e-06,0.000347481
"France","12/28/2020","FR","EURO",8816,2516348,173,62370,66.941698,0.000131697,0.037590143,2.58434e-06,0.000931706
"France","8/28/2020","FR","EURO",5963,244254,29,30440,66.941698,8.90775e-05,0.003648757,4.33213e-07,0.000454724
"Germany","8/28/2020","DE","EURO",1571,239507,3,9288,82.914191,1.89473e-05,0.002888613,3.6182e-08,0.000112019
"Germany","3/28/2020","DE","EURO",6294,48582,72,325,82.914191,7.59098e-05,0.000585931,8.68368e-07,3.91972e-06
"Germany","6/28/2020","DE","EURO",256,193499,3,8957,82.914191,3.08753e-06,0.002333726,3.6182e-08,0.000108027
"Germany","4/28/2020","DE","EURO",1144,156337,163,5913,82.914191,1.37974e-05,0.001885528,1.96589e-06,7.13147e-05
"Germany","7/28/2020","DE","EURO",633,206242,4,9122,82.914191,7.6344e-06,0.002487415,4.82426e-08,0.000110017
"Germany","12/28/2020","DE","EURO",10976,1651834,348,30126,82.914191,0.000132378,0.019922211,4.19711e-06,0.000363339
"Germany","10/28/2020","DE","EURO",14964,464239,85,10183,82.914191,0.000180476,0.005599029,1.02516e-06,0.000122814
"Germany","11/28/2020","DE","EURO",21695,1028089,379,15965,82.914191,0.000261656,0.012399434,4.57099e-06,0.000192548
"Germany","5/28/2020","DE","EURO",353,179717,62,8411,82.914191,4.25741e-06,0.002167506,7.47761e-07,0.000101442
"Germany","1/28/2021","DE","EURO",17549,2178828,941,54913,82.914191,0.000211653,0.026278107,1.13491e-05,0.000662287
"Germany","9/28/2020","DE","EURO",1192,285332,3,9460,82.914191,1.43763e-05,0.003441293,3.6182e-08,0.000114094
"Germany","2/28/2020","DE","EURO",26,47,0,0,82.914191,3.13577e-07,5.66851e-07,0,0
"Germany","1/28/2020","DE","EURO",1,1,0,0,82.914191,1.20607e-08,1.20607e-08,0,0
"Greece","10/28/2020","GR","EURO",1256,32752,12,593,10.725886,0.0001171,0.003053547,1.11879e-06,5.52868e-05
"Greece","2/28/2020","GR","EURO",2,3,0,0,10.725886,1.86465e-07,2.79697e-07,0,0
"Greece","6/28/2020","GR","EURO",23,3366,0,191,10.725886,2.14434e-06,0.00031382,0,1.78074e-05
"Greece","1/28/2020","GR","EURO",0,0,0,0,10.725886,0,0,0,0
"Greece","11/28/2020","GR","EURO",1981,101287,101,2102,10.725886,0.000184693,0.009443229,9.41647e-06,0.000195974
"Greece","1/28/2021","GR","EURO",857,154083,32,5724,10.725886,7.99002e-05,0.014365527,2.98344e-06,0.000533662
"Greece","3/28/2020","GR","EURO",74,966,2,28,10.725886,6.8992e-06,9.00625e-05,1.86465e-07,2.61051e-06
"Greece","7/28/2020","GR","EURO",34,4227,0,202,10.725886,3.1699e-06,0.000394093,0,1.88329e-05
"Greece","5/28/2020","GR","EURO",11,2903,0,173,10.725886,1.02556e-06,0.000270654,0,1.61292e-05
"Greece","9/28/2020","GR","EURO",216,17444,3,379,10.725886,2.01382e-05,0.001626346,2.79697e-07,3.53351e-05
"Greece","12/28/2020","GR","EURO",342,135456,53,4606,10.725886,3.18855e-05,0.012628887,4.94132e-06,0.000429428
"Greece","8/28/2020","GR","EURO",251,9531,6,254,10.725886,2.34013e-05,0.000888598,5.59394e-07,2.3681e-05
"Greece","4/28/2020","GR","EURO",28,2534,6,136,10.725886,2.61051e-06,0.000236251,5.59394e-07,1.26796e-05
"Hungary","12/28/2020","HU","EURO",609,316669,114,9161,9.7676,6.2349e-05,0.032420349,1.16712e-05,0.000937897
"Hungary","2/28/2020","HU","EURO",0,0,0,0,9.7676,0,0,0,0
"Hungary","11/28/2020","HU","EURO",6268,204708,152,4516,9.7676,0.000641713,0.020957861,1.55617e-05,0.000462345
"Hungary","3/28/2020","HU","EURO",43,343,1,11,9.7676,4.40231e-06,3.51161e-05,1.02379e-07,1.12617e-06
"Hungary","4/28/2020","HU","EURO",66,2649,11,291,9.7676,6.75703e-06,0.000271203,1.12617e-06,2.97924e-05
"Hungary","8/28/2020","HU","EURO",91,5379,0,614,9.7676,9.31652e-06,0.000550698,0,6.28609e-05
"Hungary","7/28/2020","HU","EURO",8,4456,0,596,9.7676,8.19034e-07,0.000456202,0,6.10181e-05
"Hungary","10/28/2020","HU","EURO",2291,65933,43,1578,9.7676,0.000234551,0.006750174,4.40231e-06,0.000161555
"Hungary","1/28/2020","HU","EURO",0,0,0,0,9.7676,0,0,0,0
"Hungary","1/28/2021","HU","EURO",1569,363450,93,12291,9.7676,0.000160633,0.037209755,9.52127e-06,0.001258344
"Hungary","6/28/2020","HU","EURO",11,4138,0,578,9.7676,1.12617e-06,0.000423646,0,5.91752e-05
"Hungary","9/28/2020","HU","EURO",702,24716,13,749,9.7676,7.18703e-05,0.002530407,1.33093e-06,7.66821e-05
"Hungary","5/28/2020","HU","EURO",23,3816,4,509,9.7676,2.35472e-06,0.000390679,4.09517e-07,5.21111e-05
"Iceland","9/28/2020","IS","EURO",22,2623,0,10,0.352722,6.23721e-05,0.007436451,0,2.83509e-05
"Iceland","1/28/2020","IS","EURO",0,0,0,0,0.352722,0,0,0,0
"Iceland","5/28/2020","IS","EURO",1,1805,0,10,0.352722,2.83509e-06,0.005117345,0,2.83509e-05
"Iceland","10/28/2020","IS","EURO",70,4574,0,11,0.352722,0.000198457,0.01296772,0,3.1186e-05
"Iceland","6/28/2020","IS","EURO",0,1820,0,10,0.352722,0,0.005159871,0,2.83509e-05
"Iceland","2/28/2020","IS","EURO",0,0,0,0,0.352722,0,0,0,0
"Iceland","1/28/2021","IS","EURO",8,6000,0,29,0.352722,2.26808e-05,0.017010564,0,8.22177e-05
"Iceland","12/28/2020","IS","EURO",43,5726,0,28,0.352722,0.000121909,0.016233748,0,7.93826e-05
"Iceland","8/28/2020","IS","EURO",5,2087,0,10,0.352722,1.41755e-05,0.005916841,0,2.83509e-05
"Iceland","4/28/2020","IS","EURO",0,1792,0,10,0.352722,0,0.005080488,0,2.83509e-05
"Iceland","3/28/2020","IS","EURO",88,890,0,2,0.352722,0.000249488,0.002523234,0,5.67019e-06
"Iceland","7/28/2020","IS","EURO",7,1854,0,10,0.352722,1.98457e-05,0.005256264,0,2.83509e-05
"Iceland","11/28/2020","IS","EURO",23,5346,0,26,0.352722,6.52072e-05,0.015156412,0,7.37124e-05
"India","3/28/2020","IN","SEARO",0,724,0,17,1354.051854,0,5.34691e-07,0,1.25549e-08
"India","7/28/2020","IN","SEARO",47703,1483156,654,33425,1354.051854,3.52298e-05,0.001095347,4.82995e-07,2.46852e-05
"India","11/28/2020","IN","SEARO",41322,9351109,485,136200,1354.051854,3.05173e-05,0.00690602,3.58184e-07,0.000100587
"India","10/28/2020","IN","SEARO",43893,7990322,508,120010,1354.051854,3.2416e-05,0.005901046,3.7517e-07,8.86303e-05
"India","8/28/2020","IN","SEARO",77266,3387500,1057,61529,1354.051854,5.70628e-05,0.002501751,7.8062e-07,4.54407e-05
"India","4/28/2020","IN","SEARO",1543,29435,62,934,1354.051854,1.13954e-06,2.17385e-05,4.57885e-08,6.89782e-07
"India","6/28/2020","IN","SEARO",19906,528859,410,16095,1354.051854,1.47011e-05,0.000390575,3.02795e-07,1.18865e-05
"India","12/28/2020","IN","SEARO",20021,10207871,279,147901,1354.051854,1.4786e-05,0.007538759,2.06048e-07,0.000109228
"India","9/28/2020","IN","SEARO",82170,6074702,1039,95542,1354.051854,6.06845e-05,0.004486314,7.67327e-07,7.05601e-05
"India","2/28/2020","IN","SEARO",0,7,0,0,1354.051854,0,5.16967e-09,0,0
"India","1/28/2021","IN","SEARO",11666,10701193,123,153847,1354.051854,8.61562e-06,0.00790309,9.08385e-08,0.00011362
"India","1/28/2020","IN","SEARO",0,0,0,0,1354.051854,0,0,0,0
"India","5/28/2020","IN","SEARO",6566,158333,194,4531,1354.051854,4.84915e-06,0.000116933,1.43274e-07,3.34625e-06
"Indonesia","6/28/2020","ID","SEARO",1385,52812,37,2720,265.0153,5.22611e-06,0.000199279,1.39615e-07,1.02636e-05
"Indonesia","7/28/2020","ID","SEARO",1525,100303,57,4838,265.0153,5.75438e-06,0.00037848,2.15082e-07,1.82555e-05
"Indonesia","2/28/2020","ID","SEARO",0,0,0,0,265.0153,0,0,0,0
"Indonesia","8/28/2020","ID","SEARO",2719,162884,120,7064,265.0153,1.02598e-05,0.000614621,4.52804e-07,2.66551e-05
"Indonesia","10/28/2020","ID","SEARO",3520,396454,101,13512,265.0153,1.32823e-05,0.001495966,3.8111e-07,5.09857e-05
"Indonesia","9/28/2020","ID","SEARO",3874,275213,78,10386,265.0153,1.4618e-05,0.00103848,2.94323e-07,3.91902e-05
"Indonesia","1/28/2021","ID","SEARO",11948,1024298,387,28855,265.0153,4.50842e-05,0.003865052,1.46029e-06,0.000108881
"Indonesia","4/28/2020","ID","SEARO",415,9511,8,773,265.0153,1.56595e-06,3.58885e-05,3.01869e-08,2.91681e-06
"Indonesia","5/28/2020","ID","SEARO",687,24538,23,1496,265.0153,2.5923e-06,9.25909e-05,8.67874e-08,5.64496e-06
"Indonesia","1/28/2020","ID","SEARO",0,0,0,0,265.0153,0,0,0,0
"Indonesia","11/28/2020","ID","SEARO",5828,522581,169,16521,265.0153,2.19912e-05,0.00197189,6.37699e-07,6.23398e-05
"Indonesia","12/28/2020","ID","SEARO",6528,713365,243,21237,265.0153,2.46325e-05,0.002691788,9.16928e-07,8.0135e-05
"Indonesia","3/28/2020","ID","SEARO",0,1046,0,87,265.0153,0,3.94694e-06,0,3.28283e-07
"Ireland","8/28/2020","IE","EURO",90,28453,0,1777,4.857015,1.85299e-05,0.005858125,0,0.000365863
"Ireland","12/28/2020","IE","EURO",735,86129,4,2204,4.857015,0.000151328,0.017732908,8.23551e-07,0.000453777
"Ireland","4/28/2020","IE","EURO",386,19648,15,1102,4.857015,7.94727e-05,0.004045283,3.08832e-06,0.000226888
"Ireland","1/28/2021","IE","EURO",1331,191182,54,3120,4.857015,0.000274037,0.039362036,1.11179e-05,0.00064237
"Ireland","1/28/2020","IE","EURO",0,0,0,0,4.857015,0,0,0,0
"Ireland","9/28/2020","IE","EURO",430,34990,0,1802,4.857015,8.85317e-05,0.007204013,0,0.00037101
"Ireland","3/28/2020","IE","EURO",302,2121,3,22,4.857015,6.21781e-05,0.000436688,6.17663e-07,4.52953e-06
"Ireland","5/28/2020","IE","EURO",68,24803,16,1631,4.857015,1.40004e-05,0.005106634,3.2942e-06,0.000335803
"Ireland","2/28/2020","IE","EURO",0,0,0,0,4.857015,0,0,0,0
"Ireland","6/28/2020","IE","EURO",23,25437,4,1734,4.857015,4.73542e-06,0.005237167,8.23551e-07,0.000357009
"Ireland","11/28/2020","IE","EURO",205,71699,7,2043,4.857015,4.2207e-05,0.014761947,1.44121e-06,0.000420629
"Ireland","7/28/2020","IE","EURO",11,25892,0,1763,4.857015,2.26477e-06,0.005330846,0,0.00036298
"Ireland","10/28/2020","IE","EURO",700,58767,5,1890,4.857015,0.000144121,0.012099407,1.02944e-06,0.000389128
"Israel","1/28/2020","IL","EURO",0,0,0,0,8.872943,0,0,0,0
"Israel","11/28/2020","IL","EURO",1087,333307,9,2846,8.872943,0.000122507,0.037564425,1.01432e-06,0.00032075
"Israel","9/28/2020","IL","EURO",5882,228776,26,1473,8.872943,0.000662914,0.025783553,2.93026e-06,0.00016601
"Israel","12/28/2020","IL","EURO",2659,399327,23,3235,8.872943,0.000299675,0.045005023,2.59215e-06,0.000364592
"Israel","7/28/2020","IL","EURO",1042,62468,11,505,8.872943,0.000117436,0.00704028,1.23972e-06,5.69146e-05
"Israel","8/28/2020","IL","EURO",1953,108824,11,888,8.872943,0.000220107,0.012264702,1.23972e-06,0.00010008
"Israel","3/28/2020","IL","EURO",520,2995,5,10,8.872943,5.86051e-05,0.000337543,5.63511e-07,1.12702e-06
"Israel","4/28/2020","IL","EURO",83,15394,2,204,8.872943,9.35428e-06,0.001734937,2.25404e-07,2.29912e-05
"Israel","5/28/2020","IL","EURO",50,16742,0,284,8.872943,5.63511e-06,0.00188686,0,3.20074e-05
"Israel","1/28/2021","IL","EURO",7798,616268,53,4582,8.872943,0.000878852,0.069454746,5.97322e-06,0.000516401
"Israel","10/28/2020","IL","EURO",884,311199,28,2474,8.872943,9.96287e-05,0.035072805,3.15566e-06,0.000278825
"Israel","6/28/2020","IL","EURO",464,23123,3,321,8.872943,5.22938e-05,0.002606012,3.38107e-07,3.61774e-05
"Israel","2/28/2020","IL","EURO",0,2,0,0,8.872943,0,2.25404e-07,0,0
"Italy","10/28/2020","IT","EURO",21989,564778,221,37700,60.421797,0.000363925,0.009347256,3.65762e-06,0.000623947
"Italy","7/28/2020","IT","EURO",168,246286,5,35112,60.421797,2.78045e-06,0.004076112,8.27516e-08,0.000581115
"Italy","8/28/2020","IT","EURO",1409,263949,5,35463,60.421797,2.33194e-05,0.00436844,8.27516e-08,0.000586924
"Italy","11/28/2020","IT","EURO",28342,1538217,827,53677,60.421797,0.000469069,0.025457982,1.36871e-05,0.000888371
"Italy","9/28/2020","IT","EURO",1766,309870,17,35835,60.421797,2.92279e-05,0.005128447,2.81355e-07,0.000593081
"Italy","1/28/2021","IT","EURO",15191,2501147,467,86889,60.421797,0.000251416,0.04139478,7.729e-06,0.001438041
"Italy","2/28/2020","IT","EURO",250,650,5,17,60.421797,4.13758e-06,1.07577e-05,8.27516e-08,2.81355e-07
"Italy","3/28/2020","IT","EURO",5959,86498,971,9136,60.421797,9.86233e-05,0.001431569,1.60704e-05,0.000151204
"Italy","6/28/2020","IT","EURO",175,240136,8,34716,60.421797,2.89631e-06,0.003974327,1.32403e-07,0.000574561
"Italy","5/28/2020","IT","EURO",584,231139,117,33072,60.421797,9.66539e-06,0.003825424,1.93639e-06,0.000547352
"Italy","1/28/2020","IT","EURO",0,0,0,0,60.421797,0,0,0,0
"Italy","4/28/2020","IT","EURO",1739,199414,333,26977,60.421797,2.8781e-05,0.003300365,5.51126e-06,0.000446478
"Italy","12/28/2020","IT","EURO",8937,2047696,305,71925,60.421797,0.00014791,0.033890022,5.04785e-06,0.001190382
"Japan","3/28/2020","JP","WPRO",112,1499,3,49,126.44318,8.85773e-07,1.18551e-05,2.37261e-08,3.87526e-07
"Japan","7/28/2020","JP","WPRO",972,30961,2,998,126.44318,7.68725e-06,0.000244861,1.58174e-08,7.89287e-06
"Japan","12/28/2020","JP","WPRO",2924,220236,39,3252,126.44318,2.3125e-05,0.001741778,3.08439e-07,2.57191e-05
"Japan","11/28/2020","JP","WPRO",2577,142068,23,2074,126.44318,2.03807e-05,0.001123572,1.819e-07,1.64026e-05
"Japan","8/28/2020","JP","WPRO",905,65573,12,1238,126.44318,7.15737e-06,0.000518597,9.49043e-08,9.79096e-06
"Japan","2/28/2020","JP","WPRO",23,214,1,5,126.44318,1.819e-07,1.69246e-06,7.90869e-09,3.95435e-08
"Japan","6/28/2020","JP","WPRO",93,18390,0,971,126.44318,7.35508e-07,0.000145441,0,7.67934e-06
"Japan","4/28/2020","JP","WPRO",191,13576,25,376,126.44318,1.51056e-06,0.000107368,1.97717e-07,2.97367e-06
"Japan","10/28/2020","JP","WPRO",618,98116,5,1730,126.44318,4.88757e-06,0.000775969,3.95435e-08,1.3682e-05
"Japan","5/28/2020","JP","WPRO",32,16683,9,867,126.44318,2.53078e-07,0.000131941,7.11782e-08,6.85683e-06
"Japan","1/28/2020","JP","WPRO",4,8,0,0,126.44318,3.16348e-08,6.32695e-08,0,0
"Japan","9/28/2020","JP","WPRO",441,82131,3,1548,126.44318,3.48773e-06,0.000649549,2.37261e-08,1.22427e-05
"Japan","1/28/2021","JP","WPRO",3927,375607,109,5361,126.44318,3.10574e-05,0.00297056,8.62047e-07,4.23985e-05
"Latvia","1/28/2020","LV","EURO",0,0,0,0,1.92717,0,0,0,0
"Latvia","9/28/2020","LV","EURO",22,1676,0,36,1.92717,1.14157e-05,0.000869669,0,1.86802e-05
"Latvia","1/28/2021","LV","EURO",1103,63027,12,1138,1.92717,0.000572342,0.032704432,6.22675e-06,0.000590503
"Latvia","10/28/2020","LV","EURO",136,4893,3,63,1.92717,7.05698e-05,0.002538956,1.55669e-06,3.26904e-05
"Latvia","5/28/2020","LV","EURO",4,1057,1,23,1.92717,2.07558e-06,0.000548473,5.18896e-07,1.19346e-05
"Latvia","6/28/2020","LV","EURO",3,1115,0,30,1.92717,1.55669e-06,0.000578569,0,1.55669e-05
"Latvia","12/28/2020","LV","EURO",511,36330,44,559,1.92717,0.000265156,0.018851477,2.28314e-05,0.000290063
"Latvia","2/28/2020","LV","EURO",0,0,0,0,1.92717,0,0,0,0
"Latvia","8/28/2020","LV","EURO",6,1366,1,34,1.92717,3.11337e-06,0.000708811,5.18896e-07,1.76424e-05
"Latvia","11/28/2020","LV","EURO",637,15808,2,190,1.92717,0.000330536,0.008202701,1.03779e-06,9.85902e-05
"Latvia","4/28/2020","LV","EURO",6,818,1,13,1.92717,3.11337e-06,0.000424457,5.18896e-07,6.74564e-06
"Latvia","3/28/2020","LV","EURO",36,280,0,0,1.92717,1.86802e-05,0.000145291,0,0
"Latvia","7/28/2020","LV","EURO",1,1220,0,31,1.92717,5.18896e-07,0.000633053,0,1.60858e-05
"Liechtenstein","4/28/2020","LI","EURO",0,83,0,1,2.801541,0,2.96266e-05,0,3.56946e-07
"Liechtenstein","12/28/2020","LI","EURO",29,2115,1,38,2.801541,1.03514e-05,0.000754942,3.56946e-07,1.3564e-05
"Liechtenstein","8/28/2020","LI","EURO",1,107,0,1,2.801541,3.56946e-07,3.81933e-05,0,3.56946e-07
"Liechtenstein","1/28/2020","LI","EURO",0,0,0,0,2.801541,0,0,0,0
"Liechtenstein","1/28/2021","LI","EURO",9,2552,0,50,2.801541,3.21252e-06,0.000910927,0,1.78473e-05
"Liechtenstein","9/28/2020","LI","EURO",0,119,0,1,2.801541,0,4.24766e-05,0,3.56946e-07
"Liechtenstein","3/28/2020","LI","EURO",1,62,0,0,2.801541,3.56946e-07,2.21307e-05,0,0
"Liechtenstein","11/28/2020","LI","EURO",6,1285,1,16,2.801541,2.14168e-06,0.000458676,3.56946e-07,5.71114e-06
"Liechtenstein","5/28/2020","LI","EURO",0,83,0,1,2.801541,0,2.96266e-05,0,3.56946e-07
"Liechtenstein","7/28/2020","LI","EURO",1,88,0,1,2.801541,3.56946e-07,3.14113e-05,0,3.56946e-07
"Liechtenstein","2/28/2020","LI","EURO",0,0,0,0,2.801541,0,0,0,0
"Liechtenstein","10/28/2020","LI","EURO",23,484,0,1,2.801541,8.20977e-06,0.000172762,0,3.56946e-07
"Liechtenstein","6/28/2020","LI","EURO",0,83,0,1,2.801541,0,2.96266e-05,0,3.56946e-07
"Luxembourg","11/28/2020","LU","EURO",1309,33409,12,300,0.60795,0.002153138,0.054953532,1.97385e-05,0.000493462
"Luxembourg","7/28/2020","LU","EURO",49,6321,0,112,0.60795,8.05987e-05,0.010397237,0,0.000184226
"Luxembourg","9/28/2020","LU","EURO",46,8357,0,124,0.60795,7.56641e-05,0.013746196,0,0.000203964
"Luxembourg","12/28/2020","LU","EURO",54,45830,8,478,0.60795,8.88231e-05,0.075384489,1.3159e-05,0.000786249
"Luxembourg","5/28/2020","LU","EURO",6,4001,0,110,0.60795,9.86923e-06,0.006581133,0,0.000180936
"Luxembourg","8/28/2020","LU","EURO",-1385,6543,0,124,0.60795,-0.002278148,0.010762398,0,0.000203964
"Luxembourg","3/28/2020","LU","EURO",152,1605,6,15,0.60795,0.000250021,0.00264002,9.86923e-06,2.46731e-05
"Luxembourg","10/28/2020","LU","EURO",485,14884,0,147,0.60795,0.000797763,0.024482277,0,0.000241796
"Luxembourg","4/28/2020","LU","EURO",6,3729,0,88,0.60795,9.86923e-06,0.006133728,0,0.000144749
"Luxembourg","1/28/2021","LU","EURO",237,50089,1,571,0.60795,0.000389835,0.082389999,1.64487e-06,0.000939222
"Luxembourg","1/28/2020","LU","EURO",0,0,0,0,0.60795,0,0,0,0
"Luxembourg","2/28/2020","LU","EURO",0,0,0,0,0.60795,0,0,0,0
"Luxembourg","6/28/2020","LU","EURO",44,4217,0,110,0.60795,7.23744e-05,0.006936426,0,0.000180936
"Malta","1/28/2020","MT","EURO",0,0,0,0,0.483793,0,0,0,0
"Malta","12/28/2020","MT","EURO",129,12241,3,206,0.483793,0.000266643,0.025302144,6.201e-06,0.000425802
"Malta","1/28/2021","MT","EURO",193,17192,3,258,0.483793,0.000398931,0.035535859,6.201e-06,0.000533286
"Malta","4/28/2020","MT","EURO",0,449,0,4,0.483793,0,0.000928083,0,8.268e-06
"Malta","6/28/2020","MT","EURO",0,669,0,9,0.483793,0,0.001382823,0,1.8603e-05
"Malta","10/28/2020","MT","EURO",107,5674,1,54,0.483793,0.000221169,0.011728156,2.067e-06,0.000111618
"Malta","9/28/2020","MT","EURO",21,2980,1,31,0.483793,4.3407e-05,0.006159659,2.067e-06,6.4077e-05
"Malta","8/28/2020","MT","EURO",37,1789,0,10,0.483793,7.6479e-05,0.003697863,0,2.067e-05
"Malta","11/28/2020","MT","EURO",70,9431,0,122,0.483793,0.00014469,0.019493874,0,0.000252174
"Malta","2/28/2020","MT","EURO",0,0,0,0,0.483793,0,0,0,0
"Malta","5/28/2020","MT","EURO",1,611,0,6,0.483793,2.067e-06,0.001262937,0,1.2402e-05
"Malta","3/28/2020","MT","EURO",5,139,0,0,0.483793,1.0335e-05,0.000287313,0,0
"Malta","7/28/2020","MT","EURO",1,699,0,9,0.483793,2.067e-06,0.001444833,0,1.8603e-05
"Mexico","12/28/2020","MX","AMRO",4974,1377217,189,122026,125.327797,3.96879e-05,0.010988919,1.50805e-06,0.000973655
"Mexico","11/28/2020","MX","AMRO",8107,1078594,645,104242,125.327797,6.46864e-05,0.008606183,5.1465e-06,0.000831755
"Mexico","8/28/2020","MX","AMRO",5267,573888,626,62076,125.327797,4.20258e-05,0.004579096,4.9949e-06,0.000495309
"Mexico","10/28/2020","MX","AMRO",4166,895326,247,89171,125.327797,3.32408e-05,0.007143874,1.97083e-06,0.000711502
"Mexico","7/28/2020","MX","AMRO",5480,390516,306,43680,125.327797,4.37253e-05,0.003115957,2.4416e-06,0.000348526
"Mexico","5/28/2020","MX","AMRO",3455,74560,501,8134,125.327797,2.75677e-05,0.00059492,3.99752e-06,6.49018e-05
"Mexico","2/28/2020","MX","AMRO",6,6,0,0,125.327797,4.78745e-08,4.78745e-08,0,0
"Mexico","3/28/2020","MX","AMRO",111,589,3,8,125.327797,8.85677e-07,4.69968e-06,2.39372e-08,6.38326e-08
"Mexico","1/28/2020","MX","AMRO",0,0,0,0,125.327797,0,0,0,0
"Mexico","9/28/2020","MX","AMRO",5573,726431,399,76243,125.327797,4.44674e-05,0.005796248,3.18365e-06,0.000608349
"Mexico","6/28/2020","MX","AMRO",5441,208392,719,25779,125.327797,4.34142e-05,0.001662776,5.73696e-06,0.000205693
"Mexico","1/28/2021","MX","AMRO",17165,1788905,1743,152016,125.327797,0.000136961,0.014273809,1.39075e-05,0.001212947
"Mexico","4/28/2020","MX","AMRO",835,14677,46,1351,125.327797,6.66253e-06,0.000117109,3.67037e-07,1.07797e-05
"Netherlands","1/28/2021","NL","EURO",4732,961076,68,13719,17.231622,0.000274611,0.055773972,3.94623e-06,0.000796153
"Netherlands","2/28/2020","NL","EURO",1,1,0,0,17.231622,5.80328e-08,5.80328e-08,0,0
"Netherlands","9/28/2020","NL","EURO",2976,111410,8,6373,17.231622,0.000172706,0.006465439,4.64263e-07,0.000369843
"Netherlands","5/28/2020","NL","EURO",194,45532,19,5843,17.231622,1.12584e-05,0.002642351,1.10262e-06,0.000339086
"Netherlands","4/28/2020","NL","EURO",405,37979,44,4482,17.231622,2.35033e-05,0.002204029,2.55345e-06,0.000260103
"Netherlands","1/28/2020","NL","EURO",0,0,0,0,17.231622,0,0,0,0
"Netherlands","12/28/2020","NL","EURO",9010,761710,28,10969,17.231622,0.000522876,0.044204196,1.62492e-06,0.000636562
"Netherlands","10/28/2020","NL","EURO",10267,311043,69,7137,17.231622,0.000595823,0.018050709,4.00427e-06,0.00041418
"Netherlands","6/28/2020","NL","EURO",77,49860,3,6079,17.231622,4.46853e-06,0.002893518,1.74099e-07,0.000352782
"Netherlands","8/28/2020","NL","EURO",508,68550,3,6213,17.231622,2.94807e-05,0.003978151,1.74099e-07,0.000360558
"Netherlands","11/28/2020","NL","EURO",5752,507612,83,9245,17.231622,0.000333805,0.029458167,4.81673e-06,0.000536514
"Netherlands","3/28/2020","NL","EURO",1167,8504,122,541,17.231622,6.77243e-05,0.000493511,7.08001e-06,3.13958e-05
"Netherlands","7/28/2020","NL","EURO",209,53089,1,6139,17.231622,1.21289e-05,0.003080906,5.80328e-08,0.000356264
"New Zealand","2/28/2020","NZ","WPRO",5,5,0,0,4.8855,1.02344e-06,1.02344e-06,0,0
"New Zealand","6/28/2020","NZ","WPRO",4,1176,0,22,4.8855,8.18749e-07,0.000240712,0,4.50312e-06
"New Zealand","7/28/2020","NZ","WPRO",1,1207,0,22,4.8855,2.04687e-07,0.000247058,0,4.50312e-06
"New Zealand","11/28/2020","NZ","WPRO",3,1694,0,25,4.8855,6.14062e-07,0.00034674,0,5.11718e-06
"New Zealand","3/28/2020","NZ","WPRO",78,416,0,0,4.8855,1.59656e-05,8.51499e-05,0,0
"New Zealand","12/28/2020","NZ","WPRO",0,1788,0,25,4.8855,0,0.000365981,0,5.11718e-06
"New Zealand","10/28/2020","NZ","WPRO",2,1587,0,25,4.8855,4.09375e-07,0.000324839,0,5.11718e-06
"New Zealand","9/28/2020","NZ","WPRO",0,1477,0,25,4.8855,0,0.000302323,0,5.11718e-06
"New Zealand","8/28/2020","NZ","WPRO",12,1363,0,22,4.8855,2.45625e-06,0.000278989,0,4.50312e-06
"New Zealand","1/28/2020","NZ","WPRO",0,0,0,0,4.8855,0,0,0,0
"New Zealand","1/28/2021","NZ","WPRO",5,1943,0,25,4.8855,1.02344e-06,0.000397708,0,5.11718e-06
"New Zealand","4/28/2020","NZ","WPRO",2,1124,0,19,4.8855,4.09375e-07,0.000230069,0,3.88906e-06
"New Zealand","5/28/2020","NZ","WPRO",0,1154,1,22,4.8855,0,0.000236209,2.04687e-07,4.50312e-06
"Norway","5/28/2020","NO","EURO",19,8383,0,235,5.311916,3.57686e-06,0.00157815,0,4.42402e-05
"Norway","1/28/2020","NO","EURO",0,0,0,0,5.311916,0,0,0,0
"Norway","10/28/2020","NO","EURO",433,18341,1,280,5.311916,8.15148e-05,0.003452803,1.88256e-07,5.27117e-05
"Norway","1/28/2021","NO","EURO",280,61594,6,556,5.311916,5.27117e-05,0.011595439,1.12954e-06,0.00010467
"Norway","12/28/2020","NO","EURO",0,44932,0,421,5.311916,0,0.008458718,0,7.92558e-05
"Norway","6/28/2020","NO","EURO",0,8815,0,249,5.311916,0,0.001659477,0,4.68757e-05
"Norway","9/28/2020","NO","EURO",0,13406,0,270,5.311916,0,0.00252376,0,5.08291e-05
"Norway","8/28/2020","NO","EURO",51,10505,0,264,5.311916,9.60106e-06,0.001977629,0,4.96996e-05
"Norway","2/28/2020","NO","EURO",3,4,0,0,5.311916,5.64768e-07,7.53024e-07,0,0
"Norway","11/28/2020","NO","EURO",480,34747,12,328,5.311916,9.03629e-05,0.006541331,2.25907e-06,6.1748e-05
"Norway","3/28/2020","NO","EURO",425,3581,2,16,5.311916,8.00088e-05,0.000674145,3.76512e-07,3.0121e-06
"Norway","7/28/2020","NO","EURO",32,9117,0,255,5.311916,6.02419e-06,0.00171633,0,4.80053e-05
"Norway","4/28/2020","NO","EURO",28,7533,0,193,5.311916,5.27117e-06,0.001418132,0,3.63334e-05
"Poland","1/28/2020","PL","EURO",0,0,0,0,38.413139,0,0,0,0
"Poland","8/28/2020","PL","EURO",887,64689,16,2010,38.413139,2.30911e-05,0.001684033,4.16524e-07,5.23258e-05
"Poland","2/28/2020","PL","EURO",0,0,0,0,38.413139,0,0,0,0
"Poland","12/28/2020","PL","EURO",3211,1261010,29,27147,38.413139,8.35912e-05,0.03282757,7.5495e-07,0.000706711
"Poland","11/28/2020","PL","EURO",17304,958416,579,16147,38.413139,0.000450471,0.024950213,1.5073e-05,0.000420351
"Poland","6/28/2020","PL","EURO",319,33714,6,1435,38.413139,8.30445e-06,0.000877668,1.56197e-07,3.7357e-05
"Poland","10/28/2020","PL","EURO",16300,280229,132,4615,38.413139,0.000424334,0.007295134,3.43632e-06,0.000120141
"Poland","4/28/2020","PL","EURO",285,11902,27,562,38.413139,7.41934e-06,0.000309842,7.02885e-07,1.46304e-05
"Poland","1/28/2021","PL","EURO",7153,1496665,389,36443,38.413139,0.000186212,0.03896232,1.01267e-05,0.000948712
"Poland","3/28/2020","PL","EURO",168,1389,0,16,38.413139,4.3735e-06,3.61595e-05,0,4.16524e-07
"Poland","5/28/2020","PL","EURO",399,22473,4,1028,38.413139,1.03871e-05,0.000585034,1.04131e-07,2.67617e-05
"Poland","7/28/2020","PL","EURO",337,43402,5,1676,38.413139,8.77304e-06,0.001129874,1.30164e-07,4.36309e-05
"Poland","9/28/2020","PL","EURO",1350,87330,8,2432,38.413139,3.51442e-05,0.002273441,2.08262e-07,6.33117e-05
"Portugal","10/28/2020","PT","EURO",3299,124432,28,2371,10.283822,0.000320795,0.012099782,2.72272e-06,0.000230556
"Portugal","7/28/2020","PT","EURO",135,50299,2,1719,10.283822,1.31274e-05,0.00489108,1.9448e-07,0.000167156
"Portugal","11/28/2020","PT","EURO",5444,285838,67,4276,10.283822,0.000529375,0.027794919,6.51509e-06,0.000415799
"Portugal","6/28/2020","PT","EURO",323,41189,6,1561,10.283822,3.14086e-05,0.004005223,5.83441e-07,0.000151792
"Portugal","3/28/2020","PT","EURO",724,4268,16,76,10.283822,7.04018e-05,0.000415021,1.55584e-06,7.39025e-06
"Portugal","9/28/2020","PT","EURO",665,73604,9,1953,10.283822,6.46647e-05,0.007157261,8.75161e-07,0.00018991
"Portugal","2/28/2020","PT","EURO",0,0,0,0,10.283822,0,0,0,0
"Portugal","4/28/2020","PT","EURO",298,24144,20,948,10.283822,2.89776e-05,0.002347765,1.9448e-06,9.21836e-05
"Portugal","1/28/2021","PT","EURO",15073,668951,293,11305,10.283822,0.0014657,0.06504887,2.84914e-05,0.001099299
"Portugal","5/28/2020","PT","EURO",285,31292,14,1356,10.283822,2.77134e-05,0.003042838,1.36136e-06,0.000131858
"Portugal","12/28/2020","PT","EURO",1577,394573,63,6619,10.283822,0.000153348,0.038368323,6.12613e-06,0.000643632
"Portugal","1/28/2020","PT","EURO",0,0,0,0,10.283822,0,0,0,0
"Portugal","8/28/2020","PT","EURO",399,56673,2,1809,10.283822,3.87988e-05,0.005510889,1.9448e-07,0.000175907
"Republic of Korea","6/28/2020","KR","WPRO",62,12715,0,282,51.635256,1.20073e-06,0.000246246,0,5.46138e-06
"Republic of Korea","1/28/2021","KR","WPRO",497,76923,8,1386,51.635256,9.62521e-06,0.001489738,1.54933e-07,2.68421e-05
"Republic of Korea","4/28/2020","KR","WPRO",14,10752,1,244,51.635256,2.71133e-07,0.00020823,1.93666e-08,4.72545e-06
"Republic of Korea","5/28/2020","KR","WPRO",79,11344,0,269,51.635256,1.52996e-06,0.000219695,0,5.20962e-06
"Republic of Korea","7/28/2020","KR","WPRO",28,14203,1,300,51.635256,5.42265e-07,0.000275064,1.93666e-08,5.80998e-06
"Republic of Korea","1/28/2020","KR","WPRO",0,8,0,0,51.635256,0,1.54933e-07,0,0
"Republic of Korea","12/28/2020","KR","WPRO",807,57665,11,819,51.635256,1.56289e-05,0.001116776,2.13033e-07,1.58613e-05
"Republic of Korea","11/28/2020","KR","WPRO",503,33311,6,522,51.635256,9.74141e-06,0.000645121,1.162e-07,1.01094e-05
"Republic of Korea","9/28/2020","KR","WPRO",50,23661,5,406,51.635256,9.68331e-07,0.000458233,9.68331e-08,7.86284e-06
"Republic of Korea","3/28/2020","KR","WPRO",146,9478,5,144,51.635256,2.82753e-06,0.000183557,9.68331e-08,2.78879e-06
"Republic of Korea","2/28/2020","KR","WPRO",571,2341,0,13,51.635256,1.10583e-05,4.53372e-05,0,2.51766e-07
"Republic of Korea","8/28/2020","KR","WPRO",371,19077,3,316,51.635256,7.18501e-06,0.000369457,5.80998e-08,6.11985e-06
"Republic of Korea","10/28/2020","KR","WPRO",103,26146,1,461,51.635256,1.99476e-06,0.000506359,1.93666e-08,8.92801e-06
"Romania","11/28/2020","RO","EURO",8499,457848,172,10884,19.471332,0.000436488,0.023513954,8.8335e-06,0.000558976
"Romania","7/28/2020","RO","EURO",1104,45902,19,2206,19.471332,5.66987e-05,0.002357414,9.75794e-07,0.000113295
"Romania","3/28/2020","RO","EURO",263,1292,7,24,19.471332,1.3507e-05,6.6354e-05,3.59503e-07,1.23258e-06
"Romania","12/28/2020","RO","EURO",2049,615809,122,15230,19.471332,0.000105232,0.031626444,6.26562e-06,0.000782176
"Romania","8/28/2020","RO","EURO",1504,83150,38,3459,19.471332,7.72418e-05,0.004270381,1.95159e-06,0.000177646
"Romania","10/28/2020","RO","EURO",4724,217216,104,6574,19.471332,0.000242613,0.011155683,5.34119e-06,0.000337625
"Romania","4/28/2020","RO","EURO",303,11339,23,631,19.471332,1.55613e-05,0.000582343,1.18122e-06,3.24066e-05
"Romania","6/28/2020","RO","EURO",325,26022,10,1589,19.471332,1.66912e-05,0.001336426,5.13576e-07,8.16072e-05
"Romania","1/28/2020","RO","EURO",0,0,0,0,19.471332,0,0,0,0
"Romania","1/28/2021","RO","EURO",3174,718612,77,18015,19.471332,0.000163009,0.036906155,3.95453e-06,0.000925206
"Romania","9/28/2020","RO","EURO",1438,122673,31,4718,19.471332,7.38522e-05,0.006300185,1.59208e-06,0.000242305
"Romania","2/28/2020","RO","EURO",0,1,0,0,19.471332,0,5.13576e-08,0,0
"Romania","5/28/2020","RO","EURO",165,18594,9,1219,19.471332,8.474e-06,0.000954942,4.62218e-07,6.26049e-05
"Saudi Arabia","10/28/2020","SA","EMRO",399,345631,16,5329,33.41366,1.19412e-05,0.010344003,4.78846e-07,0.000159486
"Saudi Arabia","6/28/2020","SA","EMRO",3927,178504,37,1511,33.41366,0.000117527,0.005342246,1.10733e-06,4.5221e-05
"Saudi Arabia","2/28/2020","SA","EMRO",0,0,0,0,33.41366,0,0,0,0
"Saudi Arabia","7/28/2020","SA","EMRO",1993,268934,27,2760,33.41366,5.96463e-05,0.008048624,8.08053e-07,8.26009e-05
"Saudi Arabia","11/28/2020","SA","EMRO",302,356691,17,5857,33.41366,9.03822e-06,0.010675005,5.08774e-07,0.000175288
"Saudi Arabia","9/28/2020","SA","EMRO",403,333193,28,4683,33.41366,1.20609e-05,0.00997176,8.37981e-07,0.000140152
"Saudi Arabia","3/28/2020","SA","EMRO",99,1203,1,4,33.41366,2.96286e-06,3.60032e-05,2.99279e-08,1.19712e-07
"Saudi Arabia","5/28/2020","SA","EMRO",1815,78541,14,425,33.41366,5.43191e-05,0.002350566,4.1899e-07,1.27193e-05
"Saudi Arabia","1/28/2021","SA","EMRO",216,367023,4,6363,33.41366,6.46442e-06,0.01098422,1.19712e-07,0.000190431
"Saudi Arabia","1/28/2020","SA","EMRO",0,0,0,0,33.41366,0,0,0,0
"Saudi Arabia","8/28/2020","SA","EMRO",1019,311855,30,3785,33.41366,3.04965e-05,0.009333159,8.97836e-07,0.000113277
"Saudi Arabia","4/28/2020","SA","EMRO",1266,20077,8,152,33.41366,3.78887e-05,0.000600862,2.39423e-07,4.54904e-06
"Saudi Arabia","12/28/2020","SA","EMRO",154,362220,9,6185,33.41366,4.60889e-06,0.010840477,2.69351e-07,0.000185104
"Singapore","9/28/2020","SG","WPRO",15,57700,0,27,3.994283,3.75537e-06,0.014445646,0,6.75966e-06
"Singapore","1/28/2020","SG","WPRO",2,11,0,0,3.994283,5.00716e-07,2.75394e-06,0,0
"Singapore","2/28/2020","SG","WPRO",2,102,0,0,3.994283,5.00716e-07,2.55365e-05,0,0
"Singapore","1/28/2021","SG","WPRO",25,59391,0,29,3.994283,6.25895e-06,0.014869002,0,7.26038e-06
"Singapore","10/28/2020","SG","WPRO",7,57980,0,28,3.994283,1.7525e-06,0.014515747,0,7.01002e-06
"Singapore","5/28/2020","SG","WPRO",533,32876,0,23,3.994283,0.000133441,0.008230764,0,5.75823e-06
"Singapore","12/28/2020","SG","WPRO",5,58524,0,29,3.994283,1.25179e-06,0.014651941,0,7.26038e-06
"Singapore","6/28/2020","SG","WPRO",291,43246,0,26,3.994283,7.28541e-05,0.010826974,0,6.5093e-06
"Singapore","8/28/2020","SG","WPRO",77,56572,0,27,3.994283,1.92776e-05,0.014163243,0,6.75966e-06
"Singapore","3/28/2020","SG","WPRO",49,732,0,2,3.994283,1.22675e-05,0.000183262,0,5.00716e-07
"Singapore","7/28/2020","SG","WPRO",469,50838,0,27,3.994283,0.000117418,0.012727691,0,6.75966e-06
"Singapore","11/28/2020","SG","WPRO",4,58199,0,28,3.994283,1.00143e-06,0.014570575,0,7.01002e-06
"Singapore","4/28/2020","SG","WPRO",799,14423,2,14,3.994283,0.000200036,0.003610911,5.00716e-07,3.50501e-06
"Slovakia","4/28/2020","SK","EURO",6,1379,1,18,5.446771,1.10157e-06,0.000253178,1.83595e-07,3.30471e-06
"Slovakia","9/28/2020","SK","EURO",552,8600,3,44,5.446771,0.000101344,0.001578917,5.50785e-07,8.07818e-06
"Slovakia","8/28/2020","SK","EURO",84,3536,0,33,5.446771,1.5422e-05,0.000649192,0,6.05864e-06
"Slovakia","7/28/2020","SK","EURO",38,2179,0,28,5.446771,6.97661e-06,0.000400054,0,5.14066e-06
"Slovakia","5/28/2020","SK","EURO",2,1513,0,28,5.446771,3.6719e-07,0.000277779,0,5.14066e-06
"Slovakia","2/28/2020","SK","EURO",0,0,0,0,5.446771,0,0,0,0
"Slovakia","12/28/2020","SK","EURO",874,167523,41,1773,5.446771,0.000160462,0.030756388,7.5274e-06,0.000325514
"Slovakia","11/28/2020","SK","EURO",1953,101257,17,749,5.446771,0.000358561,0.01859028,3.12112e-06,0.000137513
"Slovakia","1/28/2020","SK","EURO",0,0,0,0,5.446771,0,0,0,0
"Slovakia","3/28/2020","SK","EURO",10,226,0,0,5.446771,1.83595e-06,4.14925e-05,0,0
"Slovakia","6/28/2020","SK","EURO",13,1643,0,28,5.446771,2.38674e-06,0.000301647,0,5.14066e-06
"Slovakia","10/28/2020","SK","EURO",1312,45155,6,165,5.446771,0.000240877,0.008290233,1.10157e-06,3.02932e-05
"Slovakia","1/28/2021","SK","EURO",2775,241392,101,4361,5.446771,0.000509476,0.044318368,1.85431e-05,0.000800658
"Slovenia","6/28/2020","SI","EURO",14,1571,0,114,2.07005,6.76312e-06,0.000758919,0,5.50711e-05
"Slovenia","2/28/2020","SI","EURO",0,0,0,0,2.07005,0,0,0,0
"Slovenia","3/28/2020","SI","EURO",61,634,2,8,2.07005,2.94679e-05,0.000306273,9.6616e-07,3.86464e-06
"Slovenia","5/28/2020","SI","EURO",2,1471,0,113,2.07005,9.6616e-07,0.000710611,0,5.45881e-05
"Slovenia","7/28/2020","SI","EURO",5,2088,1,119,2.07005,2.4154e-06,0.001008671,4.8308e-07,5.74865e-05
"Slovenia","10/28/2020","SI","EURO",1502,25615,15,303,2.07005,0.000725586,0.012374097,7.2462e-06,0.000146373
"Slovenia","11/28/2020","SI","EURO",1612,72735,47,1407,2.07005,0.000778725,0.035136832,2.27048e-05,0.000679694
"Slovenia","1/28/2021","SI","EURO",1875,161804,24,3748,2.07005,0.000905775,0.078164296,1.15939e-05,0.001810584
"Slovenia","1/28/2020","SI","EURO",0,0,0,0,2.07005,0,0,0,0
"Slovenia","12/28/2020","SI","EURO",623,114879,27,2830,2.07005,0.000300959,0.055495761,1.30432e-05,0.001367117
"Slovenia","4/28/2020","SI","EURO",6,1403,0,90,2.07005,2.89848e-06,0.000677761,0,4.34772e-05
"Slovenia","8/28/2020","SI","EURO",33,2756,0,133,2.07005,1.59416e-05,0.001331369,0,6.42497e-05
"Slovenia","9/28/2020","SI","EURO",158,5351,1,152,2.07005,7.63267e-05,0.002584962,4.8308e-07,7.34282e-05
"South Africa","1/28/2020","ZA","AFRO",0,0,0,0,57.725606,0,0,0,0
"South Africa","9/28/2020","ZA","AFRO",1268,670766,22,16398,57.725606,2.1966e-05,0.011619904,3.81113e-07,0.000284068
"South Africa","12/28/2020","ZA","AFRO",9502,1004413,214,26735,57.725606,0.000164606,0.017399783,3.70719e-06,0.000463139
"South Africa","2/28/2020","ZA","AFRO",0,0,0,0,57.725606,0,0,0,0
"South Africa","11/28/2020","ZA","AFRO",3370,781941,89,21378,57.725606,5.83796e-05,0.013545826,1.54178e-06,0.000370338
"South Africa","1/28/2021","ZA","AFRO",7070,1430648,753,42550,57.725606,0.000122476,0.024783594,1.30445e-05,0.000737108
"South Africa","8/28/2020","ZA","AFRO",0,615701,0,13502,57.725606,0,0.010665995,0,0.0002339
"South Africa","10/28/2020","ZA","AFRO",1092,717851,45,19053,57.725606,1.89171e-05,0.012435573,7.7955e-07,0.000330061
"South Africa","5/28/2020","ZA","AFRO",1673,25937,28,552,57.725606,2.89819e-05,0.000449315,4.85053e-07,9.56248e-06
"South Africa","4/28/2020","ZA","AFRO",247,4793,3,90,57.725606,4.27886e-06,8.30307e-05,5.197e-08,1.5591e-06
"South Africa","7/28/2020","ZA","AFRO",7097,452530,298,7067,57.725606,0.000122944,0.007839329,5.16235e-06,0.000122424
"South Africa","3/28/2020","ZA","AFRO",243,1170,1,1,57.725606,4.20957e-06,2.02683e-05,1.73233e-08,1.73233e-08
"South Africa","6/28/2020","ZA","AFRO",7210,131800,73,2413,57.725606,0.000124901,0.002283216,1.2646e-06,4.18012e-05
"Spain","5/28/2020","ES","EURO",869,245061,57,28954,46.733038,1.8595e-05,0.005243849,1.21969e-06,0.000619562
"Spain","9/28/2020","ES","EURO",7851,795719,115,33572,46.733038,0.000167997,0.017026905,2.46079e-06,0.000718378
"Spain","1/28/2021","ES","EURO",37149,2778783,460,60019,46.733038,0.000794919,0.059460782,9.84314e-06,0.001284295
"Spain","6/28/2020","ES","EURO",541,258247,9,29720,46.733038,1.15764e-05,0.005526005,1.92583e-07,0.000635953
"Spain","8/28/2020","ES","EURO",10643,467065,48,30702,46.733038,0.00022774,0.009994321,1.02711e-06,0.000656966
"Spain","10/28/2020","ES","EURO",21057,1207358,205,38020,46.733038,0.000450581,0.025835213,4.38662e-06,0.000813557
"Spain","4/28/2020","ES","EURO",819,219665,272,25147,46.733038,1.75251e-05,0.004700422,5.82029e-06,0.000538099
"Spain","1/28/2020","ES","EURO",0,0,0,0,46.733038,0,0,0,0
"Spain","2/28/2020","ES","EURO",7,42,0,1,46.733038,1.49787e-07,8.98722e-07,0,2.13981e-08
"Spain","12/28/2020","ES","EURO",6682,1974182,155,51829,46.733038,0.000142982,0.042243819,3.31671e-06,0.001109044
"Spain","7/28/2020","ES","EURO",1491,294239,7,29869,46.733038,3.19046e-05,0.006296167,1.49787e-07,0.000639141
"Spain","11/28/2020","ES","EURO",9925,1714720,258,46802,46.733038,0.000212377,0.036691815,5.52072e-06,0.001001476
"Spain","3/28/2020","ES","EURO",10114,87135,871,6018,46.733038,0.000216421,0.001864527,1.86378e-05,0.000128774
"Sweden","10/28/2020","SE","EURO",1069,115924,11,5985,10.175214,0.000105059,0.011392783,1.08106e-06,0.000588194
"Sweden","2/28/2020","SE","EURO",1,2,0,0,10.175214,9.8278e-08,1.96556e-07,0,0
"Sweden","1/28/2020","SE","EURO",0,0,0,0,10.175214,0,0,0,0
"Sweden","3/28/2020","SE","EURO",286,2999,31,134,10.175214,2.81075e-05,0.000294736,3.04662e-06,1.31693e-05
"Sweden","11/28/2020","SE","EURO",6903,244517,60,7032,10.175214,0.000678413,0.024030649,5.89668e-06,0.000691091
"Sweden","12/28/2020","SE","EURO",2966,418131,94,9362,10.175214,0.000291493,0.041093092,9.23813e-06,0.000920079
"Sweden","1/28/2021","SE","EURO",4190,560411,66,11999,10.175214,0.000411785,0.05507609,6.48635e-06,0.001179238
"Sweden","6/28/2020","SE","EURO",1204,65166,11,5441,10.175214,0.000118327,0.006404386,1.08106e-06,0.000534731
"Sweden","8/28/2020","SE","EURO",244,83677,2,5822,10.175214,2.39798e-05,0.008223611,1.96556e-07,0.000572175
"Sweden","9/28/2020","SE","EURO",325,91993,2,5875,10.175214,3.19404e-05,0.009040891,1.96556e-07,0.000577383
"Sweden","7/28/2020","SE","EURO",42,75728,2,5747,10.175214,4.12768e-06,0.007442399,1.96556e-07,0.000564804
"Sweden","5/28/2020","SE","EURO",746,35616,28,4459,10.175214,7.33154e-05,0.00350027,2.75178e-06,0.000438222
"Sweden","4/28/2020","SE","EURO",300,18866,74,2596,10.175214,2.94834e-05,0.001854113,7.27257e-06,0.00025513
"Switzerland","8/28/2020","CH","EURO",352,41509,2,1761,8.513227,4.13474e-05,0.004875824,2.34929e-07,0.000206855
"Switzerland","9/28/2020","CH","EURO",120,52685,1,1820,8.513227,1.40957e-05,0.006188605,1.17464e-07,0.000213785
"Switzerland","12/28/2020","CH","EURO",2114,437443,91,7059,8.513227,0.000248319,0.051383923,1.06892e-05,0.00082918
"Switzerland","1/28/2021","CH","EURO",1870,517633,32,8731,8.513227,0.000219658,0.060803383,3.75886e-06,0.001025581
"Switzerland","11/28/2020","CH","EURO",4070,322952,87,4521,8.513227,0.00047808,0.037935321,1.02194e-05,0.000531056
"Switzerland","1/28/2020","CH","EURO",0,0,0,0,8.513227,0,0,0,0
"Switzerland","6/28/2020","CH","EURO",36,31585,0,1725,8.513227,4.22871e-06,0.003710109,0,0.000202626
"Switzerland","7/28/2020","CH","EURO",193,34662,1,1739,8.513227,2.26706e-05,0.004071547,1.17464e-07,0.00020427
"Switzerland","4/28/2020","CH","EURO",173,29403,23,1562,8.513227,2.03213e-05,0.003453802,2.70168e-06,0.000183479
"Switzerland","5/28/2020","CH","EURO",25,30774,0,1717,8.513227,2.93661e-06,0.003614845,0,0.000201686
"Switzerland","10/28/2020","CH","EURO",9752,143916,39,2094,8.513227,0.001145512,0.016904988,4.58111e-06,0.00024597
"Switzerland","3/28/2020","CH","EURO",1307,15445,32,278,8.513227,0.000153526,0.001814236,3.75886e-06,3.26551e-05
"Switzerland","2/28/2020","CH","EURO",10,22,0,0,8.513227,1.17464e-06,2.58421e-06,0,0
"The United Kingdom","2/28/2020","GB","EURO",4,22,0,0,66.43555,6.02087e-08,3.31148e-07,0,0
"The United Kingdom","1/28/2020","GB","EURO",0,0,0,0,66.43555,0,0,0,0
"The United Kingdom","4/28/2020","GB","EURO",3473,157719,320,24311,66.43555,5.22762e-05,0.002374015,4.8167e-06,0.000365934
"The United Kingdom","1/28/2021","GB","EURO",25308,3715058,1725,101887,66.43555,0.000380941,0.05591973,2.5965e-05,0.001533622
"The United Kingdom","11/28/2020","GB","EURO",14739,1589305,520,57551,66.43555,0.000221854,0.023922508,7.82713e-06,0.000866268
"The United Kingdom","12/28/2020","GB","EURO",32340,2288349,347,70752,66.43555,0.000486788,0.034444646,5.22311e-06,0.001064972
"The United Kingdom","5/28/2020","GB","EURO",1672,249272,422,36614,66.43555,2.51672e-05,0.003752088,6.35202e-06,0.000551121
"The United Kingdom","6/28/2020","GB","EURO",671,282450,40,40289,66.43555,1.01e-05,0.004251489,6.02087e-07,0.000606437
"The United Kingdom","3/28/2020","GB","EURO",3087,20808,288,1172,66.43555,4.64661e-05,0.000313206,4.33503e-06,1.76412e-05
"The United Kingdom","8/28/2020","GB","EURO",1522,330372,12,41477,66.43555,2.29094e-05,0.00497282,1.80626e-07,0.000624319
"The United Kingdom","10/28/2020","GB","EURO",22885,917579,367,45365,66.43555,0.000344469,0.013811566,5.52415e-06,0.000682842
"The United Kingdom","9/28/2020","GB","EURO",5692,434973,17,41988,66.43555,8.5677e-05,0.006547293,2.55887e-07,0.000632011
"The United Kingdom","7/28/2020","GB","EURO",371,300626,3,41114,66.43555,5.58436e-06,0.004525077,4.51565e-08,0.000618855
"Turkey","3/28/2020","TR","EURO",2069,5698,17,92,81.407211,2.54154e-05,6.99938e-05,2.08827e-07,1.13012e-06
"Turkey","4/28/2020","TR","EURO",2131,112261,95,2900,81.407211,2.6177e-05,0.001379006,1.16697e-06,3.56234e-05
"Turkey","1/28/2021","TR","EURO",7489,2449839,132,25476,81.407211,9.19943e-05,0.030093636,1.62148e-06,0.000312945
"Turkey","11/28/2020","TR","EURO",29845,1341045,177,13191,81.407211,0.000366614,0.016473295,2.17425e-06,0.000162037
"Turkey","12/28/2020","TR","EURO",14205,2147578,254,19878,81.407211,0.000174493,0.026380685,3.12012e-06,0.00024418
"Turkey","1/28/2020","TR","EURO",0,0,0,0,81.407211,0,0,0,0
"Turkey","2/28/2020","TR","EURO",0,0,0,0,81.407211,0,0,0,0
"Turkey","7/28/2020","TR","EURO",919,227019,17,5630,81.407211,1.12889e-05,0.002788684,2.08827e-07,6.91585e-05
"Turkey","8/28/2020","TR","EURO",8221,472628,26,6209,81.407211,0.000100986,0.005805726,3.19382e-07,7.62709e-05
"Turkey","5/28/2020","TR","EURO",1035,159797,34,4431,81.407211,1.27139e-05,0.001962934,4.17653e-07,5.44301e-05
"Turkey","6/28/2020","TR","EURO",1372,195883,17,5082,81.407211,1.68535e-05,0.002406212,2.08827e-07,6.24269e-05
"Turkey","9/28/2020","TR","EURO",8197,731693,68,7997,81.407211,0.000100691,0.008988061,8.35307e-07,9.82345e-05
"Turkey","10/28/2020","TR","EURO",8939,985368,76,9950,81.407211,0.000109806,0.012104186,9.33578e-07,0.000122225
"United States of America","1/28/2021","US","AMRO",148533,25198841,3681,421570,327.167434,0.000453997,0.077021239,1.12511e-05,0.001288545
"United States of America","8/28/2020","US","AMRO",45484,5765325,1229,178561,327.167434,0.000139024,0.01762194,3.75649e-06,0.000545779
"United States of America","9/28/2020","US","AMRO",48958,7009110,851,203329,327.167434,0.000149642,0.021423618,2.60111e-06,0.000621483
"United States of America","10/28/2020","US","AMRO",63145,8611256,479,224178,327.167434,0.000193005,0.026320639,1.46408e-06,0.000685209
"United States of America","11/28/2020","US","AMRO",141222,12763997,1387,261460,327.167434,0.000431651,0.039013654,4.23942e-06,0.000799163
"United States of America","12/28/2020","US","AMRO",178311,18827300,1296,329310,327.167434,0.000545015,0.057546375,3.96127e-06,0.001006549
"United States of America","1/28/2020","US","AMRO",0,9,0,0,327.167434,0,2.75089e-08,0,0
"United States of America","2/28/2020","US","AMRO",3,66,0,0,327.167434,9.16962e-09,2.01732e-07,0,0
"United States of America","3/28/2020","US","AMRO",16894,85228,252,1243,327.167434,5.16372e-05,0.000260503,7.70248e-07,3.79928e-06
"United States of America","4/28/2020","US","AMRO",29218,960916,1109,54398,327.167434,8.9306e-05,0.002937077,3.3897e-06,0.00016627
"United States of America","5/28/2020","US","AMRO",16362,1675258,770,98889,327.167434,5.00111e-05,0.005120491,2.35353e-06,0.000302258
"United States of America","6/28/2020","US","AMRO",44458,2452048,650,124811,327.167434,0.000135888,0.00749478,1.98675e-06,0.00038149
"United States of America","7/28/2020","US","AMRO",61498,4209509,604,146331,327.167434,0.000187971,0.012866528,1.84615e-06,0.000447266
